{
    "foreground_intensity_properties_per_channel": {
        "0": {
            "max": 1046.026123046875,
            "mean": 109.01634216308594,
            "median": 102.99198913574219,
            "min": -790.9908447265625,
            "percentile_00_5": -157.010986328125,
            "percentile_99_5": 422.9812316894531,
            "std": 101.82597351074219
        },
        "1": {
            "max": 25.0,
            "mean": 16.663917541503906,
            "median": 17.999908447265625,
            "min": 0.0,
            "percentile_00_5": 0.0,
            "percentile_99_5": 24.000152587890625,
            "std": 5.949543476104736
        }
    },
    "median_relative_size_after_cropping": 1.0,
    "shapes_after_crop": [
        [
            1052,
            204,
            147
        ],
        [
            631,
            256,
            153
        ],
        [
            926,
            164,
            160
        ],
        [
            916,
            177,
            156
        ],
        [
            875,
            210,
            159
        ],
        [
            1037,
            199,
            152
        ],
        [
            1047,
            212,
            164
        ],
        [
            991,
            226,
            149
        ],
        [
            871,
            201,
            152
        ],
        [
            925,
            185,
            175
        ],
        [
            976,
            226,
            150
        ],
        [
            990,
            201,
            151
        ],
        [
            918,
            179,
            140
        ],
        [
            998,
            223,
            166
        ],
        [
            950,
            208,
            146
        ],
        [
            511,
            178,
            131
        ],
        [
            996,
            235,
            162
        ],
        [
            975,
            194,
            151
        ],
        [
            1012,
            203,
            156
        ],
        [
            975,
            171,
            150
        ],
        [
            968,
            233,
            166
        ],
        [
            976,
            197,
            162
        ],
        [
            990,
            186,
            158
        ],
        [
            922,
            360,
            149
        ],
        [
            888,
            215,
            154
        ],
        [
            957,
            202,
            152
        ],
        [
            831,
            189,
            167
        ],
        [
            969,
            203,
            150
        ],
        [
            975,
            182,
            151
        ],
        [
            952,
            174,
            143
        ],
        [
            968,
            190,
            138
        ],
        [
            1024,
            226,
            152
        ],
        [
            978,
            202,
            157
        ],
        [
            1010,
            212,
            153
        ],
        [
            932,
            197,
            154
        ],
        [
            915,
            224,
            142
        ],
        [
            907,
            188,
            154
        ],
        [
            979,
            197,
            155
        ],
        [
            1015,
            198,
            158
        ],
        [
            1012,
            186,
            149
        ],
        [
            960,
            193,
            165
        ],
        [
            805,
            210,
            142
        ],
        [
            988,
            215,
            146
        ],
        [
            1066,
            197,
            152
        ],
        [
            951,
            189,
            144
        ],
        [
            971,
            209,
            143
        ],
        [
            946,
            247,
            174
        ],
        [
            1030,
            195,
            145
        ],
        [
            955,
            195,
            141
        ],
        [
            989,
            206,
            151
        ],
        [
            885,
            197,
            146
        ],
        [
            950,
            176,
            180
        ],
        [
            1024,
            207,
            156
        ],
        [
            1039,
            205,
            188
        ],
        [
            1047,
            239,
            153
        ],
        [
            1008,
            199,
            149
        ],
        [
            1035,
            202,
            154
        ],
        [
            827,
            220,
            154
        ],
        [
            1023,
            181,
            170
        ],
        [
            919,
            183,
            166
        ],
        [
            898,
            194,
            139
        ],
        [
            973,
            198,
            145
        ],
        [
            985,
            213,
            153
        ],
        [
            988,
            183,
            140
        ],
        [
            939,
            212,
            153
        ],
        [
            902,
            243,
            159
        ],
        [
            1013,
            210,
            144
        ],
        [
            953,
            228,
            150
        ],
        [
            813,
            217,
            148
        ],
        [
            936,
            153,
            146
        ],
        [
            859,
            204,
            141
        ],
        [
            934,
            249,
            175
        ]
    ],